BYQUEST,BYCOND,DESCRIP_E,DESCRIP_F,DEMCODE 2022-2023
Q93,Q93 = 1,Working on-site,Travaille sur place,1000
Q93,Q93 = 2,Working remotely,Travaille Ö distance,1001
Q93,Q93 = 3,Hybrid Working model,Travaille Ö la fois Ö distance et sur place,1002
Q81,Q81 = 1,Supervisor,Superviseur(e),1003
Q81,Q81 = 2,Non-supervisor,Pas superviseur(e),1004
Q102,Q102 = 1,Shift worker ,Travaille par postes ou quarts,1005
Q102,Q102 = 2,Non-shift worker,Ne travaille pas par postes ou quarts,1006
Q103,Q103 = 1,Full-time,Temps plein,1007
Q103,Q103 = 2,Part-time,Temps partiel,1008
Q104,Q104 = 1,Indeterminate (permanent),IndÇterminÇ (e) (permanent),1009
Q104,Q104 = 2,Seasonal,Saisonnier,1010
Q104,Q104 = 3,Term,DÇterminÇ,1011
Q104,Q104 = 4,Casual,Occasionnel,1012
Q104,Q104 = 5,Student ,êtudiant,1013
Q104,Q104 = 7,Governor-in-council appointee,Nomination par le gouverneur en conseil,1015
Q106,Q106 = 1,Language requirement of position  - Bilingual,Exigences linguistiques du poste - Bilingue,1017
Q106,Q106 = 2,Language requirement of position  - Unilingual English,Exigences linguistiques du poste - Unilingue anglais,1018
Q106,Q106 = 3,Language requirement of position  - Unilingual French,Exigences linguistiques du poste - Unilingue franáais,1019
Q106,Q106 = 4,Language requirement of position  - Either English or French,Exigences linguistiques du poste - L'une ou l'autre des deux langues officielles,1020
Q109,Q109 = 1,Client contact centre,Service Ö la clientäle,1021
Q109,Q109 = 2,Health care practitioners ,Professionnels de la santÇ,1022
Q109,Q109 = 3,Federal regulators,RÇgulateurs fÇdÇraux,1023
Q109,Q109 = 4,"Compliance, inspection and enforcement","ConformitÇ, inspection et mise en application de la loi",1024
Q109,Q109 = 5,Communications or public affairs,Communications ou affaires publiques,1025
Q109,Q109 = 6,Access to information and privacy,Accäs Ö l'information et protection des renseignements personnels,1026
Q109,Q109 = 7,Security,SÇcuritÇ,1027
Q109,Q109 = 8,Science and technology,Sciences et technologie,1028
Q109,Q109 = 9,Library services ,Services de bibliothäques ,1029
Q109,Q109 = 10,Legal services,Services juridiques,1030
Q109,Q109 = 11,Administration and operations,Administration et opÇrations,1031
Q109,Q109 = 12,Human resources,Ressources humaines,1032
Q109,Q109 = 13,Financial management,Gestion financiäre,1033
Q109,Q109 = 14,Procurement,Approvisionnement,1034
Q109,Q109 = 15,Real property ,Gestion des biens immobiliers,1035
Q109,Q109 = 16,Materiel management ,Gestion du matÇriel,1036
Q109,Q109 = 17,Information management ,Gestion de l'information,1037
Q109,Q109 = 18,Information technology,Technologie de l'information ,1038
Q109,Q109 = 19,Internal audit,VÇrification interne,1039
Q109,Q109 = 20,Evaluation,êvaluation,1040
Q109,Q109 = 21,Data sciences,Sciences des donnÇes,1041
Q109,Q109 = 22,Policy,Politiques,1042
Q109,Q109 = 23,Project management,Gestion de projets,1043
Q109,Q109 = 24,Other services to the public,Autres services au public,1044
Q109,Q109 = 25,None of the above,Aucune de ces rÇponses,1045
D110,D110 = 1,Less than 3 years in the federal public service,Moins de trois ans Ö la fonction publique fÇdÇrale,1046
D110,D110 = 2,3 to 10 years in the federal public service,3 Ö 10 ans Ö la fonction publique fÇdÇrale,1047
D110,D110 = 3,11 to 20 years in the federal public service,11 Ö 20 ans Ö la fonction publique fÇdÇrale,1048
D110,D110 = 4,More than 20 years in the federal public service,Plus de 20 ans Ö la fonction publique fÇdÇrale,1049
D111,D111 = 1,Less than 3 years in current department or agency,Moins de trois ans au sein du ministäre ou organisme actuel,1050
D111,D111 = 2,3 to 10 years in current department or agency, 3 Ö 10 ans au sein du ministäre ou organisme actuel,1051
D111,D111 = 3,11 to 20 years in current department or agency,11 Ö 20 ans au sein du ministäre ou organisme actuel ,1052
D111,D111 = 4,More than 20 years in current department or agency,Plus de 20 ans au sein du ministäre ou organisme actuel,1053
Q112,Q112 = 1,First official language - English,Premiäre langue officielle - Anglais,1054
Q112,Q112 = 2,First official language - French,Premiäre langue officielle - Franáais,1055
Q113,Q113 = 1,Provides services to public,Fournit des services au public,1056
Q113,Q113 = 2,Does not provide services to public ,Ne fournit pas de services au public,1057
Q114,Q114 = 1,National Capital Region,RÇgion de la capitale nationale,1058
Q114,Q114 = 2,Ontario (excluding National Capital Region),Ontario (Ö l'exception de la rÇgion de la capitale nationale),1059
Q114,Q114 = 3,Quebec (excluding National Capital Region),QuÇbec (Ö l'exception de la rÇgion de la capitale nationale),1060
Q114,Q114 = 4,Northwest Territories,Territoires du Nord-Ouest,1061
Q114,Q114 = 5,Nunavut,Nunavut,1062
Q114,Q114 = 6,Yukon,Yukon,1063
Q114,Q114 = 7,British Columbia,Colombie-Britannique,1064
Q114,Q114 = 8,Alberta,Alberta,1065
Q114,Q114 = 9,Saskatchewan,Saskatchewan,1066
Q114,Q114 = 10,Manitoba,Manitoba,1067
Q114,Q114 = 11,New Brunswick,Nouveau-Brunswick,1068
Q114,Q114 = 12,Nova Scotia,Nouvelle-êcosse,1069
Q114,Q114 = 13,Prince Edward Island,?le-du-Prince-êdouard,1070
Q114,Q114 = 14,Newfoundland and Labrador,Terre-Neuve-et-Labrador,1071
Q114,Q114 = 15,Outside of Canada,? l'extÇrieur du Canada,1072
Q115,Q115 = 1,"The bilingual region of MontrÇal (the counties of Deux-Montagnes, ?le-de-MontrÇal and ?le-JÇsus, La Prairie, and Vaudreuil)","La rÇgion bilingue de MontrÇal  (les comtÇs de Deux-Montagnes, ?le-de-MontrÇal et ?le-JÇsus, La Prairie et Vaudreuil)",1073
Q115,Q115 = 2,"The bilingual regions of other parts of Quebec (the counties of Bonaventure, GaspÇ-Est, Brome, Compton, Huntingdon, Missisquoi, Richmond, Sherbrooke, Stanstead, Argenteuil and Pontiac)","Les rÇgions bilingues d'autres secteurs du QuÇbec (les comtÇs de Bonaventure, GaspÇ-Est, Brome, Compton, Huntingdon, Missisquoi, Richmond, Sherbrooke, Stanstead, Argenteuil et Pontiac ) ",1074
Q115,Q115 = 3,"The bilingual region of Eastern Ontario (the counties of Glengarry, Prescott, Russell and Stormont)","La rÇgion bilingue de l'Est ontarien (les comtÇs de Glengarry, Prescott, Russell et Stormont)",1075
Q115,Q115 = 4,"The bilingual region of Northern Ontario (the counties of Algoma, Cochrane, Nipissing, Sudbury and Timiskaming)","La rÇgion bilingue du Nord de l'Ontario (les comtÇs d'Algoma, Cochrane, Nipissing, Sudbury et Timiskaming)",1076
Q115,Q115 = 5,I do not work in one of these areas,Je ne travaille dans aucune de ces rÇgions,1077
Q116,Q116 = 1,Age - 24 years and under,?ge - 24 ans et moins,1078
Q116,Q116 = 2,Age - 25 - 29 years,?ge - 25 Ö 29 ans,1079
Q116,Q116 = 3,Age - 30 - 34 years,?ge - 30 Ö 34 ans,1080
Q116,Q116 = 4,Age - 35 - 39 years,?ge - 35 Ö 39 ans,1081
Q116,Q116 = 5,Age - 40 - 44 years,?ge - 40 Ö 44 ans,1082
Q116,Q116 = 6,Age - 45 - 49 years,?ge - 45 Ö 49 ans,1083
Q116,Q116 = 7,Age - 50 - 54 years,?ge - 50 Ö 54 ans,1084
Q116,Q116 = 8,Age - 55 - 59 years,?ge - 55 Ö 59 ans,1085
Q116,Q116 = 9,Age - 60 years and over,?ge - 60 ans et plus,1086
Q117,Q117 = 1,Man,Homme,1087
Q117,Q117 = 2,Woman,Femme,1088
Q117,Q117 = 3,Another gender,Un autre genre,1089
D118,D118 = 1,Persons with a disability (total),Personnes en situation de handicap (totale),1090
D118A,D118A = 1,Seeing disability ,"Personnes en situation de handicap, trouble de la vision",1091
D118A,D118A = 2,"Persons with a disability, seeing disability not selected","Personnes en situation de handicap, trouble de la vision non sÇlectionnÇe",1092
D118B,D118B = 1,Hearing disability,"Personnes en situation de handicap, trouble de l?audition",1093
D118B,D118B = 2,"Persons with a disability, hearing disability not selected","Personnes en situation de handicap, trouble de l?audition non sÇlectionnÇe",1094
D118C,D118C = 1,Speech disability,"Personnes en situation de handicap, trouble de la parole",1095
D118C,D118C = 2,"Persons with a disability, speech disability not selected","Personnes en situation de handicap, trouble de la parole non sÇlectionnÇe",1096
D118D,D118D = 1,Mobility disability,"Personnes en situation de handicap, probläme de mobilitÇ",1097
D118D,D118D = 2,"Persons with a disability, mobility disability not selected","Personnes en situation de handicap, probläme de mobilitÇ non sÇlectionnÇe",1098
D118E,D118E = 1,Challenges with flexibility or dexterity,"Personnes en situation de handicap, probläme de flexibilitÇ ou de dextÇritÇ",1099
D118E,D118E = 2,"Persons with a disability, challenges with flexibility or dexterity not selected","Personnes en situation de handicap, probläme de flexibilitÇ ou de dextÇritÇ non sÇlectionnÇe",1100
D118F,D118F = 1,Mmental health disability,"Personnes en situation de handicap, probläme de santÇ mentale",1101
D118F,D118F = 2,"Persons with a disability, mental health disability not selected","Personnes en situation de handicap, probläme de santÇ mentale non sÇlectionnÇe",1102
D118G,D118G = 1,Ssensory or environmental disability,"Personnes en situation de handicap, trouble sensoriel ou liÇ Ö l?environnement",1103
D118G,D118G = 2,"Persons with a disability, sensory or environmental disability not selected","Personnes en situation de handicap, trouble sensoriel ou liÇ Ö l?environnement non sÇlectionnÇe",1104
D118H,D118H = 1,Chronic health condition or pain,"Personnes en situation de handicap, maladie ou douleur chroniques",1105
D118H,D118H = 2,"Persons with a disability, chronic health condition or pain not selected","Personnes en situation de handicap, maladie ou douleur chroniques non sÇlectionnÇe",1106
D118I,D118I = 1,Cognitive disability,"Personnes en situation de handicap, trouble cognitif",1107
D118I,D118I = 2,"Persons with a disability, cognitive disability not selected","Personnes en situation de handicap, trouble cognitif non sÇlectionnÇe",1108
D118J,D118J = 1,Intellectual disability,"Personnes en situation de handicap, handicap intellectuel",1109
D118J,D118J = 2,"Persons with a disability, intellectual disability not selected","Personnes en situation de handicap, handicap intellectuel non sÇlectionnÇe",1110
D118K,D118K = 1,Other disability,"Personnes en situation de handicap, autre handicap",1111
D118K,D118K = 2,"Persons with a disability, other disability not selected","Personnes en situation de handicap, autre handicap non sÇlectionnÇe",1112
D118,D118 = 2,Not a person with a disability,Pas personnes en situation de handicap,1113
D119,D119 = 1,Indigenous,Autochtone,1114
D119A,D119A = 1,First Nations,Premiäres Nations,1115
D119B,D119B = 1,Inuk (Inuit),Inuk (Inuit),1116
D119C,D119C = 1,MÇtis,MÇtis,1117
D119,D119 = 2,Non-Indigenous,Non-Autochtones,1118
D120_2,D120_2 = 1,"Racialized, non-Indigenous population","RacisÇ, population non-autochtones",1119
D120_2,D120_2 = 2,"Non-racialized, non-Indigenous population","Non-racisÇ, population non-autochtones",1120
D120_1,D120_1 = 1,Black,Noir,1121
D120_1,D120_1 = 2,East/Southeast Asian,Est-asiatique / Asiatique du Sud-Est,1122
D120_1,D120_1 = 3,Latino/Latina/Latinx,Latino / Latina / Latinx,1123
D120_1,D120_1 = 4,Middle Eastern,Moyen-oriental,1124
D120_1,D120_1 = 5,South Asian,Sud-asiatique,1125
D120_1,D120_1 = 6,"Racialized group, not included elsewhere","Groupe racisÇ, non inclus ailleurs",1126
D120_1,D120_1 = 7,Multiple racialized groups,Groupes racisÇs multiples,1127
D120_1,D120_1 = 8,White,Blanche,1979
D121,D121 = 1,Eastern Africa,Afrique de l'Est,1128
D121,D121 = 2,Northern Africa ,Afrique du Nord,1129
D121,D121 = 3,Western Africa ,Afrique de l'Ouest,1130
D121,D121 = 4,Southern Africa,Afrique du Sud,1131
D121,D121 = 5,Middle Africa ,Afrique centrale,1132
D121,D121 = 6,Central America,AmÇrique centrale,1133
D121,D121 = 7,South America ,AmÇrique du Sud,1134
D121,D121 = 8,Central Asia ,Asie centrale,1135
D121,D121 = 9,Eastern Asia  ,Asie de l'Est,1136
D121,D121 = 10,Southern Asia ,Asie du Sud,1137
D121,D121 = 11,South-eastern Asia ,Asie du Sud-Est,1138
D121,D121 = 12,Western Asia ,Asie de l'Ouest,1139
D121,D121 = 13,Caribbean ,Caraãbes,1140
D121,D121 = 14,Eastern Europe ,Europe de l'Est,1141
D121,D121 = 15,Northern Europe ,Europe du Nord,1142
D121,D121 = 16,Southern Europe ,Europe du Sud,1143
D121,D121 = 17,Western Europe ,Europe de l'Ouest,1144
D121,D121 = 18,Oceania ,OcÇanie,1145
D121,D121 = 19,Ethnic Origin n.i.e.,Origine ethnique non incluse ailleurs,1146
D121,D121 = 20,"Two or more Ethnic Origins, Africa only","Deux origines ou plus, Afrique seulement",1147
D121,D121 = 21,"Two or more Ethnic Origins, Asia only","Deux origines ou plus, Asie seulement",1148
D121,D121 = 22,"Two or more Ethnic Origins, Europe only","Deux origines ou plus, Europe seulement",1149
D121,D121 = 23,"Two or more Ethnic Origins, Other","Deux origines ou plus, Autre",1150
D122,D122 = 1,Identifies as 2SLGBTQIA+,S'identifie comme 2ELGBTQIA+,1151
D122A,D122A = 1,2SLGBTQIA+: Two-spirit,2ELGBTQIA+ : Deux esprits,1152
D122B,D122B = 1,2SLGBTQIA+: Lesbian,2ELGBTQIA+ : Lesbienne,1153
D122C,D122C = 1,2SLGBTQIA+: Gay,2ELGBTQIA+ : Gaie,1154
D122D,D122D = 1,2SLGBTQIA+: Bisexual,2ELGBTQIA+ : Bisexuelle,1155
D122E,D122E = 1,2SLGBTQIA+: Transgender,2ELGBTQIA+ : Transgenre,1156
D122F,D122F = 1,2SLGBTQIA+: Queer,2ELGBTQIA+ : Queer,1157
D122G,D122G = 1,2SLGBTQIA+: Questioning,2ELGBTQIA+ : En questionnement,1158
D122H,D122H = 1,2SLGBTQIA+: Intersex,2ELGBTQIA+ : IntersexuÇe,1159
D122I,D122I = 1,2SLGBTQIA+: Asexual,2ELGBTQIA+ : Asexuelle,1160
D122J,D122J = 1,2SLGBTQIA+: Another identity,2ELGBTQIA+ : Autre identitÇ,1161
D122,D122 = 2,Does not identify as 2SLGBTQIA+,Ne s'identifie pas comme 2ELGBTQIA+,1162
GRPCODE,GRPCODE = 001,AB,AB,1163
OCCLEVEL,OCCLEVEL = 1,AB-02,AB-02,1164
OCCLEVEL,OCCLEVEL = 2,AB-03,AB-03,1165
OCCLEVEL,OCCLEVEL = 3,AB-04,AB-04,1166
OCCLEVEL,OCCLEVEL = 4,AB-05,AB-05,1167
OCCLEVEL,OCCLEVEL = 5,AB-06,AB-06,1168
OCCLEVEL,OCCLEVEL = 6,AB-07,AB-07,1169
OCCLEVEL,OCCLEVEL = 7,AB-08,AB-08,1170
OCCLEVEL,OCCLEVEL = 8,AB-09,AB-09,1171
OCCLEVEL,OCCLEVEL = 9,AB-10,AB-10,1172
OCCLEVEL,OCCLEVEL = 10,AB-11,AB-11,1173
OCCLEVEL,OCCLEVEL = 11,AB-12,AB-12,1174
OCCLEVEL,OCCLEVEL = 12,AB-13,AB-13,1175
OCCLEVEL,OCCLEVEL = 13,AB-14,AB-14,1176
GRPCODE,GRPCODE = 002,AC,AC,1177
OCCLEVEL,OCCLEVEL = 14,AC-01,AC-01,1178
OCCLEVEL,OCCLEVEL = 15,AC-02,AC-02,1179
OCCLEVEL,OCCLEVEL = 16,AC-03,AC-03,1180
GRPCODE,GRPCODE = 003,AD(NFB),AD(ONF),1181
OCCLEVEL,OCCLEVEL = 17,AD(NFB)-05,AD(ONF)-05,1182
OCCLEVEL,OCCLEVEL = 18,AD(NFB)-06,AD(ONF)-06,1183
OCCLEVEL,OCCLEVEL = 19,AD(NFB)-07,AD(ONF)-07,1184
OCCLEVEL,OCCLEVEL = 20,AD(NFB)-08,AD(ONF)-08,1185
OCCLEVEL,OCCLEVEL = 21,AD(NFB)-09,AD(ONF)-09,1186
OCCLEVEL,OCCLEVEL = 22,AD(NFB)-10,AD(ONF)-10,1187
OCCLEVEL,OCCLEVEL = 23,AD(NFB)-11,AD(ONF)-11,1188
OCCLEVEL,OCCLEVEL = 24,AD(NFB)-12,AD(ONF)-12,1189
GRPCODE,GRPCODE = 004,AD(NRC),AD(CNRC),1190
OCCLEVEL,OCCLEVEL = 25,AD(NRC)-02,AD(CNRC)-02,1191
OCCLEVEL,OCCLEVEL = 26,AD(NRC)-03,AD(CNRC)-03,1192
OCCLEVEL,OCCLEVEL = 27,AD(NRC)-04,AD(CNRC)-04,1193
GRPCODE,GRPCODE = 005,AG,AG,1194
OCCLEVEL,OCCLEVEL = 28,AG-02,AG-02,1195
OCCLEVEL,OCCLEVEL = 29,AG-03,AG-03,1196
OCCLEVEL,OCCLEVEL = 30,AG-04,AG-04,1197
GRPCODE,GRPCODE = 006,AI,AI,1198
OCCLEVEL,OCCLEVEL = 31,AI-06,AI-06,1199
OCCLEVEL,OCCLEVEL = 32,AI-07,AI-07,1200
GRPCODE,GRPCODE = 007,AO,AO,1201
OCCLEVEL,OCCLEVEL = 33,AO-00,AO-00,1202
OCCLEVEL,OCCLEVEL = 34,AO-01,AO-01,1203
OCCLEVEL,OCCLEVEL = 35,AO-02,AO-02,1204
OCCLEVEL,OCCLEVEL = 36,AO-03,AO-03,1205
OCCLEVEL,OCCLEVEL = 37,AO-04,AO-04,1206
OCCLEVEL,OCCLEVEL = 38,AO-05,AO-05,1207
GRPCODE,GRPCODE = 008,AP-FIN,AP-FIN,1208
OCCLEVEL,OCCLEVEL = 39,AP-FIN-01,AP-FIN-01,1209
OCCLEVEL,OCCLEVEL = 40,AP-FIN-02,AP-FIN-02,1210
OCCLEVEL,OCCLEVEL = 41,AP-FIN-03,AP-FIN-03,1211
OCCLEVEL,OCCLEVEL = 42,AP-FIN-04,AP-FIN-04,1212
OCCLEVEL,OCCLEVEL = 43,AP-FIN-05,AP-FIN-05,1213
GRPCODE,GRPCODE = 009,AP-VFM,AP-VFM,1214
OCCLEVEL,OCCLEVEL = 44,AP-VFM-01,AP-VFM-01,1215
OCCLEVEL,OCCLEVEL = 45,AP-VFM-02,AP-VFM-02,1216
OCCLEVEL,OCCLEVEL = 46,AP-VFM-03,AP-VFM-03,1217
OCCLEVEL,OCCLEVEL = 47,AP-VFM-04,AP-VFM-04,1218
OCCLEVEL,OCCLEVEL = 48,AP-VFM-05,AP-VFM-05,1219
GRPCODE,GRPCODE = 010,AR,AR,1220
OCCLEVEL,OCCLEVEL = 49,AR-02,AR-02,1221
OCCLEVEL,OCCLEVEL = 50,AR-03,AR-03,1222
OCCLEVEL,OCCLEVEL = 51,AR-04,AR-04,1223
OCCLEVEL,OCCLEVEL = 52,AR-05,AR-05,1224
OCCLEVEL,OCCLEVEL = 53,AR-06,AR-06,1225
OCCLEVEL,OCCLEVEL = 54,AR-07,AR-07,1226
GRPCODE,GRPCODE = 011,AS,AS,1227
OCCLEVEL,OCCLEVEL = 55,AS-00,AS-00,1228
OCCLEVEL,OCCLEVEL = 56,AS-01,AS-01,1229
OCCLEVEL,OCCLEVEL = 57,AS-02,AS-02,1230
OCCLEVEL,OCCLEVEL = 58,AS-03,AS-03,1231
OCCLEVEL,OCCLEVEL = 59,AS-04,AS-04,1232
OCCLEVEL,OCCLEVEL = 60,AS-05,AS-05,1233
OCCLEVEL,OCCLEVEL = 61,AS-06,AS-06,1234
OCCLEVEL,OCCLEVEL = 62,AS-07,AS-07,1235
OCCLEVEL,OCCLEVEL = 63,AS-08,AS-08,1236
GRPCODE,GRPCODE = 012,AS(NFB),AS(ONF),1237
OCCLEVEL,OCCLEVEL = 64,AS(NFB)-04,AS(ONF)-04,1238
OCCLEVEL,OCCLEVEL = 65,AS(NFB)-05,AS(ONF)-05,1239
OCCLEVEL,OCCLEVEL = 66,AS(NFB)-06,AS(ONF)-06,1240
OCCLEVEL,OCCLEVEL = 67,AS(NFB)-07,AS(ONF)-07,1241
OCCLEVEL,OCCLEVEL = 68,AS(NFB)-08,AS(ONF)-08,1242
OCCLEVEL,OCCLEVEL = 69,AS(NFB)-09,AS(ONF)-09,1243
GRPCODE,GRPCODE = 013,ASG,GSV,1244
OCCLEVEL,OCCLEVEL = 70,ASG-02,GSV-02,1245
OCCLEVEL,OCCLEVEL = 71,ASG-03,GSV-03,1246
OCCLEVEL,OCCLEVEL = 72,ASG-04,GSV-04,1247
OCCLEVEL,OCCLEVEL = 73,ASG-05,GSV-05,1248
OCCLEVEL,OCCLEVEL = 74,ASG-06,GSV-06,1249
GRPCODE,GRPCODE = 014,AU,AU,1250
OCCLEVEL,OCCLEVEL = 75,AU-00,AU-00,1251
OCCLEVEL,OCCLEVEL = 76,AU-01,AU-01,1252
OCCLEVEL,OCCLEVEL = 77,AU-02,AU-02,1253
OCCLEVEL,OCCLEVEL = 78,AU-03,AU-03,1254
OCCLEVEL,OCCLEVEL = 79,AU-04,AU-04,1255
OCCLEVEL,OCCLEVEL = 80,AU-05,AU-05,1256
OCCLEVEL,OCCLEVEL = 81,AU-06,AU-06,1257
GRPCODE,GRPCODE = 015,BI,BI,1258
OCCLEVEL,OCCLEVEL = 82,BI-01,BI-01,1259
OCCLEVEL,OCCLEVEL = 83,BI-02,BI-02,1260
OCCLEVEL,OCCLEVEL = 84,BI-03,BI-03,1261
OCCLEVEL,OCCLEVEL = 85,BI-04,BI-04,1262
OCCLEVEL,OCCLEVEL = 86,BI-05,BI-05,1263
GRPCODE,GRPCODE = 016,CH,CH,1264
OCCLEVEL,OCCLEVEL = 87,CH-01,CH-01,1265
OCCLEVEL,OCCLEVEL = 88,CH-02,CH-02,1266
OCCLEVEL,OCCLEVEL = 89,CH-03,CH-03,1267
OCCLEVEL,OCCLEVEL = 90,CH-04,CH-04,1268
OCCLEVEL,OCCLEVEL = 91,CH-05,CH-05,1269
GRPCODE,GRPCODE = 021,CM,CM,1270
OCCLEVEL,OCCLEVEL = 92,CM-06,CM-06,1271
OCCLEVEL,OCCLEVEL = 93,CM-07,CM-07,1272
GRPCODE,GRPCODE = 022,CO,CO,1273
OCCLEVEL,OCCLEVEL = 94,CO-00,CO-00,1274
OCCLEVEL,OCCLEVEL = 95,CO-01,CO-01,1275
OCCLEVEL,OCCLEVEL = 96,CO-02,CO-02,1276
OCCLEVEL,OCCLEVEL = 97,CO-03,CO-03,1277
OCCLEVEL,OCCLEVEL = 98,CO-04,CO-04,1278
OCCLEVEL,OCCLEVEL = 99,CO-05,CO-05,1279
OCCLEVEL,OCCLEVEL = 100,CO-06,CO-06,1280
GRPCODE,GRPCODE = 023,CR,CR,1281
OCCLEVEL,OCCLEVEL = 101,CR-01,CR-01,1282
OCCLEVEL,OCCLEVEL = 102,CR-02,CR-02,1283
OCCLEVEL,OCCLEVEL = 103,CR-03,CR-03,1284
OCCLEVEL,OCCLEVEL = 104,CR-04,CR-04,1285
OCCLEVEL,OCCLEVEL = 105,CR-05,CR-05,1286
OCCLEVEL,OCCLEVEL = 106,CR-06,CR-06,1287
GRPCODE,GRPCODE = 024,CS,CS,1288
OCCLEVEL,OCCLEVEL = 107,CS-01,CS-01,1289
OCCLEVEL,OCCLEVEL = 108,CS-02,CS-02,1290
OCCLEVEL,OCCLEVEL = 109,CS-03,CS-03,1291
OCCLEVEL,OCCLEVEL = 110,CS-04,CS-04,1292
OCCLEVEL,OCCLEVEL = 111,CS-05,CS-05,1293
GRPCODE,GRPCODE = 025,CX,CX,1294
OCCLEVEL,OCCLEVEL = 112,CX-01,CX-01,1295
OCCLEVEL,OCCLEVEL = 113,CX-02,CX-02,1296
OCCLEVEL,OCCLEVEL = 114,CX-03,CX-03,1297
OCCLEVEL,OCCLEVEL = 115,CX-04,CX-04,1298
GRPCODE,GRPCODE = 026,DA,DA,1299
OCCLEVEL,OCCLEVEL = 116,DA-02,DA-02,1300
OCCLEVEL,OCCLEVEL = 117,DA-03,DA-03,1301
OCCLEVEL,OCCLEVEL = 118,DA-04,DA-04,1302
OCCLEVEL,OCCLEVEL = 119,DA-05,DA-05,1303
GRPCODE,GRPCODE = 027,DD,DD,1304
OCCLEVEL,OCCLEVEL = 120,DD-02,DD-02,1305
OCCLEVEL,OCCLEVEL = 121,DD-03,DD-03,1306
OCCLEVEL,OCCLEVEL = 122,DD-04,DD-04,1307
OCCLEVEL,OCCLEVEL = 123,DD-05,DD-05,1308
OCCLEVEL,OCCLEVEL = 124,DD-08,DD-08,1309
GRPCODE,GRPCODE = 028,DE,DE,1310
OCCLEVEL,OCCLEVEL = 125,DE-01,DE-01,1311
OCCLEVEL,OCCLEVEL = 126,DE-02,DE-02,1312
OCCLEVEL,OCCLEVEL = 127,DE-03,DE-03,1313
GRPCODE,GRPCODE = 029,DE(NFB),DE(ONF),1314
OCCLEVEL,OCCLEVEL = 128,DE(NFB)-01,DE(ONF)-01,1315
OCCLEVEL,OCCLEVEL = 129,DE(NFB)-02,DE(ONF)-02,1316
OCCLEVEL,OCCLEVEL = 130,DE(NFB)-04,DE(ONF)-04,1317
GRPCODE,GRPCODE = 030,DM,DM,1318
OCCLEVEL,OCCLEVEL = 131,DM-01,DM-01,1319
OCCLEVEL,OCCLEVEL = 132,DM-02,DM-02,1320
OCCLEVEL,OCCLEVEL = 133,DM-03,DM-03,1321
OCCLEVEL,OCCLEVEL = 134,DM-04,DM-04,1322
GRPCODE,GRPCODE = 031,DS,DS,1323
OCCLEVEL,OCCLEVEL = 135,DS-01,DS-01,1324
OCCLEVEL,OCCLEVEL = 136,DS-02,DS-02,1325
OCCLEVEL,OCCLEVEL = 137,DS-03,DS-03,1326
OCCLEVEL,OCCLEVEL = 138,DS-04,DS-04,1327
OCCLEVEL,OCCLEVEL = 139,DS-05,DS-05,1328
OCCLEVEL,OCCLEVEL = 140,DS-06,DS-06,1329
OCCLEVEL,OCCLEVEL = 141,DS-07,DS-07,1330
GRPCODE,GRPCODE = 032,DX,DX,1331
OCCLEVEL,OCCLEVEL = 142,DX-01,DX-01,1332
OCCLEVEL,OCCLEVEL = 143,DX-02,DX-02,1333
OCCLEVEL,OCCLEVEL = 144,DX-03,DX-03,1334
GRPCODE,GRPCODE = 033,EC,EC,1335
OCCLEVEL,OCCLEVEL = 145,EC-01,EC-01,1336
OCCLEVEL,OCCLEVEL = 146,EC-02,EC-02,1337
OCCLEVEL,OCCLEVEL = 147,EC-03,EC-03,1338
OCCLEVEL,OCCLEVEL = 148,EC-04,EC-04,1339
OCCLEVEL,OCCLEVEL = 149,EC-05,EC-05,1340
OCCLEVEL,OCCLEVEL = 150,EC-06,EC-06,1341
OCCLEVEL,OCCLEVEL = 151,EC-07,EC-07,1342
OCCLEVEL,OCCLEVEL = 152,EC-08,EC-08,1343
GRPCODE,GRPCODE = 035,ED,ED,1344
OCCLEVEL,OCCLEVEL = 153,ED-01,ED-01,1345
OCCLEVEL,OCCLEVEL = 154,ED-02,ED-02,1346
OCCLEVEL,OCCLEVEL = 155,ED-03,ED-03,1347
OCCLEVEL,OCCLEVEL = 156,ED-04,ED-04,1348
OCCLEVEL,OCCLEVEL = 157,ED-05,ED-05,1349
OCCLEVEL,OCCLEVEL = 158,ED-06,ED-06,1350
GRPCODE,GRPCODE = 036,EG,EG,1351
OCCLEVEL,OCCLEVEL = 159,EG-01,EG-01,1352
OCCLEVEL,OCCLEVEL = 160,EG-02,EG-02,1353
OCCLEVEL,OCCLEVEL = 161,EG-03,EG-03,1354
OCCLEVEL,OCCLEVEL = 162,EG-04,EG-04,1355
OCCLEVEL,OCCLEVEL = 163,EG-05,EG-05,1356
OCCLEVEL,OCCLEVEL = 164,EG-06,EG-06,1357
OCCLEVEL,OCCLEVEL = 165,EG-07,EG-07,1358
OCCLEVEL,OCCLEVEL = 166,EG-08,EG-08,1359
GRPCODE,GRPCODE = 037,EL,EL,1360
OCCLEVEL,OCCLEVEL = 167,EL-01,EL-01,1361
OCCLEVEL,OCCLEVEL = 168,EL-02,EL-02,1362
OCCLEVEL,OCCLEVEL = 169,EL-03,EL-03,1363
OCCLEVEL,OCCLEVEL = 170,EL-04,EL-04,1364
OCCLEVEL,OCCLEVEL = 171,EL-05,EL-05,1365
OCCLEVEL,OCCLEVEL = 172,EL-06,EL-06,1366
OCCLEVEL,OCCLEVEL = 173,EL-07,EL-07,1367
OCCLEVEL,OCCLEVEL = 174,EL-08,EL-08,1368
OCCLEVEL,OCCLEVEL = 175,EL-09,EL-09,1369
GRPCODE,GRPCODE = 038,EN,EN,1370
OCCLEVEL,OCCLEVEL = 176,EN-01,EN-01,1371
OCCLEVEL,OCCLEVEL = 177,EN-02,EN-02,1372
OCCLEVEL,OCCLEVEL = 178,EN-03,EN-03,1373
OCCLEVEL,OCCLEVEL = 179,EN-04,EN-04,1374
OCCLEVEL,OCCLEVEL = 180,EN-05,EN-05,1375
OCCLEVEL,OCCLEVEL = 181,EN-06,EN-06,1376
GRPCODE,GRPCODE = 039,ES,ES,1377
OCCLEVEL,OCCLEVEL = 182,ES-02,ES-02,1378
OCCLEVEL,OCCLEVEL = 183,ES-03,ES-03,1379
OCCLEVEL,OCCLEVEL = 184,ES-04,ES-04,1380
OCCLEVEL,OCCLEVEL = 185,ES-05,ES-05,1381
OCCLEVEL,OCCLEVEL = 186,ES-06,ES-06,1382
OCCLEVEL,OCCLEVEL = 187,ES-07,ES-07,1383
GRPCODE,GRPCODE = 040,EU,EU,1384
OCCLEVEL,OCCLEVEL = 188,EU-01,EU-01,1385
OCCLEVEL,OCCLEVEL = 189,EU-02,EU-02,1386
GRPCODE,GRPCODE = 041,EX,EX,1387
OCCLEVEL,OCCLEVEL = 190,EX-00,EX-00,1388
OCCLEVEL,OCCLEVEL = 191,EX-01,EX-01,1389
OCCLEVEL,OCCLEVEL = 192,EX-02,EX-02,1390
OCCLEVEL,OCCLEVEL = 193,EX-03,EX-03,1391
OCCLEVEL,OCCLEVEL = 194,EX-04,EX-04,1392
OCCLEVEL,OCCLEVEL = 195,EX-05,EX-05,1393
OCCLEVEL,OCCLEVEL = 196,EX-13,EX-13,1394
OCCLEVEL,OCCLEVEL = 197,EX-14,EX-14,1395
OCCLEVEL,OCCLEVEL = 198,EX-15,EX-15,1396
OCCLEVEL,OCCLEVEL = 199,EX-16,EX-16,1397
GRPCODE,GRPCODE = 042,EXPCX,EXPCX,1398
OCCLEVEL,OCCLEVEL = 200,EXPCX-02,EXPCX-02,1399
OCCLEVEL,OCCLEVEL = 201,EXPCX-03,EXPCX-03,1400
OCCLEVEL,OCCLEVEL = 202,EXPCX-04,EXPCX-04,1401
OCCLEVEL,OCCLEVEL = 203,EXPCX-05,EXPCX-05,1402
OCCLEVEL,OCCLEVEL = 204,EXPCX-06,EXPCX-06,1403
GRPCODE,GRPCODE = 043,FB,FB,1404
OCCLEVEL,OCCLEVEL = 205,FB-01,FB-01,1405
OCCLEVEL,OCCLEVEL = 206,FB-02,FB-02,1406
OCCLEVEL,OCCLEVEL = 207,FB-03,FB-03,1407
OCCLEVEL,OCCLEVEL = 208,FB-04,FB-04,1408
OCCLEVEL,OCCLEVEL = 209,FB-05,FB-05,1409
OCCLEVEL,OCCLEVEL = 210,FB-06,FB-06,1410
OCCLEVEL,OCCLEVEL = 211,FB-07,FB-07,1411
OCCLEVEL,OCCLEVEL = 212,FB-08,FB-08,1412
GRPCODE,GRPCODE = 044,FI,FI,1413
OCCLEVEL,OCCLEVEL = 213,FI-01,FI-01,1414
OCCLEVEL,OCCLEVEL = 214,FI-02,FI-02,1415
OCCLEVEL,OCCLEVEL = 215,FI-03,FI-03,1416
OCCLEVEL,OCCLEVEL = 216,FI-04,FI-04,1417
GRPCODE,GRPCODE = 045,FO,FO,1418
OCCLEVEL,OCCLEVEL = 217,FO-01,FO-01,1419
OCCLEVEL,OCCLEVEL = 218,FO-02,FO-02,1420
OCCLEVEL,OCCLEVEL = 219,FO-03,FO-03,1421
OCCLEVEL,OCCLEVEL = 220,FO-04,FO-04,1422
GRPCODE,GRPCODE = 046,FR,FR,1423
OCCLEVEL,OCCLEVEL = 221,FR-00,FR-00,1424
OCCLEVEL,OCCLEVEL = 222,FR-01,FR-01,1425
OCCLEVEL,OCCLEVEL = 223,FR-02,FR-02,1426
OCCLEVEL,OCCLEVEL = 224,FR-03,FR-03,1427
OCCLEVEL,OCCLEVEL = 225,FR-04,FR-04,1428
OCCLEVEL,OCCLEVEL = 226,FR-05,FR-05,1429
OCCLEVEL,OCCLEVEL = 227,FR-06,FR-06,1430
OCCLEVEL,OCCLEVEL = 228,FR-07,FR-07,1431
OCCLEVEL,OCCLEVEL = 229,FR-08,FR-08,1432
GRPCODE,GRPCODE = 047,FS,FS,1433
OCCLEVEL,OCCLEVEL = 230,FS-00 ,FS-00 ,1434
OCCLEVEL,OCCLEVEL = 231,FS-01,FS-01,1435
OCCLEVEL,OCCLEVEL = 232,FS-02,FS-02,1436
OCCLEVEL,OCCLEVEL = 233,FS-03,FS-03,1437
OCCLEVEL,OCCLEVEL = 234,FS-04,FS-04,1438
GRPCODE,GRPCODE = 137,GC,GC,1439
OCCLEVEL,OCCLEVEL = 235,GC-05,GC-05,1440
OCCLEVEL,OCCLEVEL = 236,GC-06,GC-06,1441
GRPCODE,GRPCODE = 129,GIC,GIC,1442
OCCLEVEL,OCCLEVEL = 237,GIC-00,GIC-00,1443
OCCLEVEL,OCCLEVEL = 238,GIC-01,GIC-01,1444
OCCLEVEL,OCCLEVEL = 239,GIC-02,GIC-02,1445
OCCLEVEL,OCCLEVEL = 240,GIC-03,GIC-03,1446
OCCLEVEL,OCCLEVEL = 241,GIC-04,GIC-04,1447
OCCLEVEL,OCCLEVEL = 242,GIC-05,GIC-05,1448
OCCLEVEL,OCCLEVEL = 243,GIC-06,GIC-06,1449
OCCLEVEL,OCCLEVEL = 244,GIC-07,GIC-07,1450
OCCLEVEL,OCCLEVEL = 245,GIC-08,GIC-08,1451
OCCLEVEL,OCCLEVEL = 246,GIC-09,GIC-09,1452
OCCLEVEL,OCCLEVEL = 247,GIC-10,GIC-10,1453
GRPCODE,GRPCODE = 049,GL,GL,1454
OCCLEVEL,OCCLEVEL = 248,GL-00,GL-00,1455
OCCLEVEL,OCCLEVEL = 249,GL-01,GL-01,1456
OCCLEVEL,OCCLEVEL = 250,GL-02,GL-02,1457
OCCLEVEL,OCCLEVEL = 251,GL-03,GL-03,1458
OCCLEVEL,OCCLEVEL = 252,GL-04,GL-04,1459
OCCLEVEL,OCCLEVEL = 253,GL-05,GL-05,1460
OCCLEVEL,OCCLEVEL = 254,GL-06,GL-06,1461
OCCLEVEL,OCCLEVEL = 255,GL-07,GL-07,1462
OCCLEVEL,OCCLEVEL = 256,GL-08,GL-08,1463
OCCLEVEL,OCCLEVEL = 257,GL-09,GL-09,1464
OCCLEVEL,OCCLEVEL = 258,GL-10,GL-10,1465
OCCLEVEL,OCCLEVEL = 259,GL-11,GL-11,1466
OCCLEVEL,OCCLEVEL = 260,GL-12,GL-12,1467
OCCLEVEL,OCCLEVEL = 261,GL-13,GL-13,1468
GRPCODE,GRPCODE = 050,GR,GR,1469
OCCLEVEL,OCCLEVEL = 262,GR-02,GR-02,1470
OCCLEVEL,OCCLEVEL = 263,GR-03,GR-03,1471
OCCLEVEL,OCCLEVEL = 264,GR-04,GR-04,1472
OCCLEVEL,OCCLEVEL = 265,GR-05,GR-05,1473
OCCLEVEL,OCCLEVEL = 266,GR-06,GR-06,1474
OCCLEVEL,OCCLEVEL = 267,GR-07,GR-07,1475
OCCLEVEL,OCCLEVEL = 268,GR-08,GR-08,1476
OCCLEVEL,OCCLEVEL = 269,GR-09,GR-09,1477
OCCLEVEL,OCCLEVEL = 270,GR-10,GR-10,1478
GRPCODE,GRPCODE = 051,GR-EX,GR-EX,1479
OCCLEVEL,OCCLEVEL = 271,GR-EX-01,GR-EX-01,1480
OCCLEVEL,OCCLEVEL = 272,GR-EX-02,GR-EX-02,1481
OCCLEVEL,OCCLEVEL = 273,GR-EX-03,GR-EX-03,1482
OCCLEVEL,OCCLEVEL = 274,GR-EX-04,GR-EX-04,1483
OCCLEVEL,OCCLEVEL = 275,GR-EX-05,GR-EX-05,1484
GRPCODE,GRPCODE = 052,GS,GS,1485
OCCLEVEL,OCCLEVEL = 276,GS-01,GS-01,1486
OCCLEVEL,OCCLEVEL = 277,GS-02,GS-02,1487
OCCLEVEL,OCCLEVEL = 278,GS-03,GS-03,1488
OCCLEVEL,OCCLEVEL = 279,GS-04,GS-04,1489
OCCLEVEL,OCCLEVEL = 280,GS-05,GS-05,1490
OCCLEVEL,OCCLEVEL = 281,GS-06,GS-06,1491
OCCLEVEL,OCCLEVEL = 282,GS-07,GS-07,1492
OCCLEVEL,OCCLEVEL = 283,GS-08,GS-08,1493
OCCLEVEL,OCCLEVEL = 284,GS-09,GS-09,1494
OCCLEVEL,OCCLEVEL = 285,GS-10,GS-10,1495
OCCLEVEL,OCCLEVEL = 286,GS-11,GS-11,1496
OCCLEVEL,OCCLEVEL = 287,GS-12,GS-12,1497
OCCLEVEL,OCCLEVEL = 288,GS-13,GS-13,1498
GRPCODE,GRPCODE = 053,GT,GT,1499
OCCLEVEL,OCCLEVEL = 289,GT-01,GT-01,1500
OCCLEVEL,OCCLEVEL = 290,GT-02,GT-02,1501
OCCLEVEL,OCCLEVEL = 291,GT-03,GT-03,1502
OCCLEVEL,OCCLEVEL = 292,GT-04,GT-04,1503
OCCLEVEL,OCCLEVEL = 293,GT-05,GT-05,1504
OCCLEVEL,OCCLEVEL = 294,GT-06,GT-06,1505
OCCLEVEL,OCCLEVEL = 295,GT-07,GT-07,1506
OCCLEVEL,OCCLEVEL = 296,GT-08,GT-08,1507
GRPCODE,GRPCODE = 133,GX,GX,1508
OCCLEVEL,OCCLEVEL = 297,GX-00,GX-00,1509
GRPCODE,GRPCODE = 054,HP,HP,1510
OCCLEVEL,OCCLEVEL = 298,HP-02,HP-02,1511
OCCLEVEL,OCCLEVEL = 299,HP-03,HP-03,1512
OCCLEVEL,OCCLEVEL = 300,HP-04,HP-04,1513
OCCLEVEL,OCCLEVEL = 301,HP-05,HP-05,1514
OCCLEVEL,OCCLEVEL = 302,HP-06,HP-06,1515
OCCLEVEL,OCCLEVEL = 303,HP-07,HP-07,1516
OCCLEVEL,OCCLEVEL = 304,HP-08,HP-08,1517
OCCLEVEL,OCCLEVEL = 305,HP-09,HP-09,1518
GRPCODE,GRPCODE = 055,HR,HR,1519
OCCLEVEL,OCCLEVEL = 306,HR-01,HR-01,1520
OCCLEVEL,OCCLEVEL = 307,HR-02,HR-02,1521
OCCLEVEL,OCCLEVEL = 308,HR-03,HR-03,1522
OCCLEVEL,OCCLEVEL = 309,HR-04,HR-04,1523
OCCLEVEL,OCCLEVEL = 310,HR-05,HR-05,1524
GRPCODE,GRPCODE = 056,HR/RH(CRA),HR/RH(ARC),1525
OCCLEVEL,OCCLEVEL = 311,HR/RH(CRA)-02,HR/RH(ARC)-02,1526
OCCLEVEL,OCCLEVEL = 312,HR/RH(CRA)-03,HR/RH(ARC)-03,1527
OCCLEVEL,OCCLEVEL = 313,HR/RH(CRA)-04,HR/RH(ARC)-04,1528
OCCLEVEL,OCCLEVEL = 314,HR/RH(CRA)-05,HR/RH(ARC)-05,1529
OCCLEVEL,OCCLEVEL = 315,HR/RH(CRA)-06,HR/RH(ARC)-06,1530
OCCLEVEL,OCCLEVEL = 316,HR/RH(CRA)-07,HR/RH(ARC)-07,1531
GRPCODE,GRPCODE = 057,HS,HS,1532
OCCLEVEL,OCCLEVEL = 317,HS-02,HS-02,1533
OCCLEVEL,OCCLEVEL = 318,HS-03,HS-03,1534
OCCLEVEL,OCCLEVEL = 319,HS-04,HS-04,1535
OCCLEVEL,OCCLEVEL = 320,HS-05,HS-05,1536
OCCLEVEL,OCCLEVEL = 321,HS-06,HS-06,1537
OCCLEVEL,OCCLEVEL = 322,HS-07,HS-07,1538
GRPCODE,GRPCODE = 058,IM,IM,1539
OCCLEVEL,OCCLEVEL = 323,IM-00,IM-00,1540
GRPCODE,GRPCODE = 059,IN,IN,1541
OCCLEVEL,OCCLEVEL = 324,IN-01,IN-01,1542
OCCLEVEL,OCCLEVEL = 325,IN-02,IN-02,1543
GRPCODE,GRPCODE = 060,IS,IS,1544
OCCLEVEL,OCCLEVEL = 326,IS-01,IS-01,1545
OCCLEVEL,OCCLEVEL = 327,IS-02,IS-02,1546
OCCLEVEL,OCCLEVEL = 328,IS-03,IS-03,1547
OCCLEVEL,OCCLEVEL = 329,IS-04,IS-04,1548
OCCLEVEL,OCCLEVEL = 330,IS-05,IS-05,1549
OCCLEVEL,OCCLEVEL = 331,IS-06,IS-06,1550
GRPCODE,GRPCODE = 131,IT,IT,1551
OCCLEVEL,OCCLEVEL = 332,IT-01,IT-01,1552
OCCLEVEL,OCCLEVEL = 333,IT-02,IT-02,1553
OCCLEVEL,OCCLEVEL = 334,IT-03,IT-03,1554
OCCLEVEL,OCCLEVEL = 335,IT-04,IT-04,1555
OCCLEVEL,OCCLEVEL = 336,IT-05,IT-05,1556
GRPCODE,GRPCODE = 061,ITS/LA,ITS/LA,1557
OCCLEVEL,OCCLEVEL = 337,ITS/LA-00,ITS/LA-00,1558
OCCLEVEL,OCCLEVEL = 338,ITS/LA-01,ITS/LA-01,1559
OCCLEVEL,OCCLEVEL = 339,ITS/LA-02,ITS/LA-02,1560
OCCLEVEL,OCCLEVEL = 340,ITS/LA-03,ITS/LA-03,1561
OCCLEVEL,OCCLEVEL = 341,ITS/LA-04,ITS/LA-04,1562
OCCLEVEL,OCCLEVEL = 342,ITS/LA-05,ITS/LA-05,1563
OCCLEVEL,OCCLEVEL = 343,ITS/LA-06,ITS/LA-06,1564
GRPCODE,GRPCODE = 062,LC,LC,1565
OCCLEVEL,OCCLEVEL = 344,LC-01,LC-01,1566
OCCLEVEL,OCCLEVEL = 345,LC-02,LC-02,1567
OCCLEVEL,OCCLEVEL = 346,LC-03,LC-03,1568
OCCLEVEL,OCCLEVEL = 347,LC-04,LC-04,1569
GRPCODE,GRPCODE = 063,LE,LE,1570
OCCLEVEL,OCCLEVEL = 348,LE-01,LE-01,1571
OCCLEVEL,OCCLEVEL = 349,LE-02,LE-02,1572
OCCLEVEL,OCCLEVEL = 350,LE-03,LE-03,1573
OCCLEVEL,OCCLEVEL = 351,LE-04,LE-04,1574
OCCLEVEL,OCCLEVEL = 352,LE-05,LE-05,1575
OCCLEVEL,OCCLEVEL = 353,LE-06,LE-06,1576
OCCLEVEL,OCCLEVEL = 354,LE-07,LE-07,1577
OCCLEVEL,OCCLEVEL = 355,LE-08,LE-08,1578
OCCLEVEL,OCCLEVEL = 356,LE-09,LE-09,1579
GRPCODE,GRPCODE = 122,LE-GS,LE-GS,1580
OCCLEVEL,OCCLEVEL = 357,LE-GS-01,LE-GS-01,1581
OCCLEVEL,OCCLEVEL = 358,LE-GS-02,LE-GS-02,1582
OCCLEVEL,OCCLEVEL = 359,LE-GS-03,LE-GS-03,1583
OCCLEVEL,OCCLEVEL = 360,LE-GS-04,LE-GS-04,1584
OCCLEVEL,OCCLEVEL = 361,LE-GS-05,LE-GS-05,1585
OCCLEVEL,OCCLEVEL = 362,LE-GS-06,LE-GS-06,1586
OCCLEVEL,OCCLEVEL = 363,LE-GS-07,LE-GS-07,1587
OCCLEVEL,OCCLEVEL = 364,LE-GS-08,LE-GS-08,1588
GRPCODE,GRPCODE = 064,LI,LI,1589
OCCLEVEL,OCCLEVEL = 365,LI-03,LI-03,1590
OCCLEVEL,OCCLEVEL = 366,LI-04,LI-04,1591
OCCLEVEL,OCCLEVEL = 367,LI-05,LI-05,1592
OCCLEVEL,OCCLEVEL = 368,LI-06,LI-06,1593
OCCLEVEL,OCCLEVEL = 369,LI-07,LI-07,1594
OCCLEVEL,OCCLEVEL = 370,LI-08,LI-08,1595
OCCLEVEL,OCCLEVEL = 371,LI-09,LI-09,1596
GRPCODE,GRPCODE = 065,LIB(NRC),LS(CNRC),1597
OCCLEVEL,OCCLEVEL = 372,LIB(NRC)-02,LS(CNRC)-02,1598
OCCLEVEL,OCCLEVEL = 373,LIB(NRC)-03,LS(CNRC)-03,1599
OCCLEVEL,OCCLEVEL = 374,LIB(NRC)-04,LS(CNRC)-04,1600
OCCLEVEL,OCCLEVEL = 375,LIB(NRC)-05,LS(CNRC)-05,1601
GRPCODE,GRPCODE = 066,LP,LP,1602
OCCLEVEL,OCCLEVEL = 376,LP-00,LP-00,1603
OCCLEVEL,OCCLEVEL = 377,LP-01,LP-01,1604
OCCLEVEL,OCCLEVEL = 378,LP-02,LP-02,1605
OCCLEVEL,OCCLEVEL = 379,LP-03,LP-03,1606
OCCLEVEL,OCCLEVEL = 380,LP-04,LP-04,1607
OCCLEVEL,OCCLEVEL = 381,LP-05,LP-05,1608
GRPCODE,GRPCODE = 067,LS,LS,1609
OCCLEVEL,OCCLEVEL = 382,LS-01,LS-01,1610
OCCLEVEL,OCCLEVEL = 383,LS-02,LS-02,1611
OCCLEVEL,OCCLEVEL = 384,LS-03,LS-03,1612
OCCLEVEL,OCCLEVEL = 385,LS-04,LS-04,1613
OCCLEVEL,OCCLEVEL = 386,LS-05,LS-05,1614
GRPCODE,GRPCODE = 068,MA,MA,1615
OCCLEVEL,OCCLEVEL = 387,MA-01,MA-01,1616
OCCLEVEL,OCCLEVEL = 388,MA-02,MA-02,1617
OCCLEVEL,OCCLEVEL = 389,MA-03,MA-03,1618
OCCLEVEL,OCCLEVEL = 390,MA-04,MA-04,1619
OCCLEVEL,OCCLEVEL = 391,MA-05,MA-05,1620
OCCLEVEL,OCCLEVEL = 392,MA-06,MA-06,1621
OCCLEVEL,OCCLEVEL = 393,MA-07,MA-07,1622
GRPCODE,GRPCODE = 069,MD,MD,1623
OCCLEVEL,OCCLEVEL = 394,MD-01,MD-01,1624
OCCLEVEL,OCCLEVEL = 395,MD-02,MD-02,1625
OCCLEVEL,OCCLEVEL = 396,MD-03,MD-03,1626
OCCLEVEL,OCCLEVEL = 397,MD-04,MD-04,1627
OCCLEVEL,OCCLEVEL = 398,MD-05,MD-05,1628
GRPCODE,GRPCODE = 070,MG,MG,1629
OCCLEVEL,OCCLEVEL = 399,MG-01,MG-01,1630
OCCLEVEL,OCCLEVEL = 400,MG-02,MG-02,1631
OCCLEVEL,OCCLEVEL = 401,MG-03,MG-03,1632
OCCLEVEL,OCCLEVEL = 402,MG-04,MG-04,1633
OCCLEVEL,OCCLEVEL = 403,MG-05,MG-05,1634
OCCLEVEL,OCCLEVEL = 404,MG-06,MG-06,1635
GRPCODE,GRPCODE = 072,MGT (NRC),MGT(CNRC),1636
OCCLEVEL,OCCLEVEL = 405,MGT (NRC)-01,MGT(CNRC)-01,1637
OCCLEVEL,OCCLEVEL = 406,MGT (NRC)-02,MGT(CNRC)-02,1638
OCCLEVEL,OCCLEVEL = 407,MGT (NRC)-03,MGT(CNRC)-03,1639
OCCLEVEL,OCCLEVEL = 408,MGT (NRC)-04,MGT(CNRC)-04,1640
OCCLEVEL,OCCLEVEL = 409,MGT (NRC)-05,MGT(CNRC)-05,1641
GRPCODE,GRPCODE = 073,MT,MT,1642
OCCLEVEL,OCCLEVEL = 410,MT-01,MT-01,1643
OCCLEVEL,OCCLEVEL = 411,MT-02,MT-02,1644
OCCLEVEL,OCCLEVEL = 412,MT-03,MT-03,1645
OCCLEVEL,OCCLEVEL = 413,MT-04,MT-04,1646
OCCLEVEL,OCCLEVEL = 414,MT-05,MT-05,1647
OCCLEVEL,OCCLEVEL = 415,MT-06,MT-06,1648
OCCLEVEL,OCCLEVEL = 416,MT-07,MT-07,1649
OCCLEVEL,OCCLEVEL = 417,MT-08,MT-08,1650
GRPCODE,GRPCODE = 074,NB,NB,1651
OCCLEVEL,OCCLEVEL = 418,NB-01,NB-01,1652
OCCLEVEL,OCCLEVEL = 419,NB-02,NB-02,1653
OCCLEVEL,OCCLEVEL = 420,NB-03,NB-03,1654
OCCLEVEL,OCCLEVEL = 421,NB-04,NB-04,1655
OCCLEVEL,OCCLEVEL = 422,NB-05,NB-05,1656
OCCLEVEL,OCCLEVEL = 423,NB-06,NB-06,1657
OCCLEVEL,OCCLEVEL = 424,NB-07,NB-07,1658
OCCLEVEL,OCCLEVEL = 425,NB-08,NB-08,1659
OCCLEVEL,OCCLEVEL = 426,NB-09,NB-09,1660
OCCLEVEL,OCCLEVEL = 427,NB-10,NB-10,1661
OCCLEVEL,OCCLEVEL = 428,NB-11,NB-11,1662
OCCLEVEL,OCCLEVEL = 429,NB-12,NB-12,1663
OCCLEVEL,OCCLEVEL = 430,NB-13,NB-13,1664
OCCLEVEL,OCCLEVEL = 431,NB-14,NB-14,1665
OCCLEVEL,OCCLEVEL = 432,NB-15,NB-15,1666
GRPCODE,GRPCODE = 075,ND,ND,1667
OCCLEVEL,OCCLEVEL = 433,ND-01,ND-01,1668
OCCLEVEL,OCCLEVEL = 434,ND-02,ND-02,1669
OCCLEVEL,OCCLEVEL = 435,ND-03,ND-03,1670
GRPCODE,GRPCODE = 076,NU,NU,1671
OCCLEVEL,OCCLEVEL = 436,NU-01,NU-01,1672
OCCLEVEL,OCCLEVEL = 437,NU-02,NU-02,1673
OCCLEVEL,OCCLEVEL = 438,NU-03,NU-03,1674
OCCLEVEL,OCCLEVEL = 439,NU-04,NU-04,1675
OCCLEVEL,OCCLEVEL = 440,NU-05,NU-05,1676
OCCLEVEL,OCCLEVEL = 441,NU-06,NU-06,1677
OCCLEVEL,OCCLEVEL = 442,NU-07,NU-07,1678
OCCLEVEL,OCCLEVEL = 443,NU-08,NU-08,1679
GRPCODE,GRPCODE = 077,OE,OE,1680
OCCLEVEL,OCCLEVEL = 444,OE-01,OE-01,1681
GRPCODE,GRPCODE = 078,OM,OM,1682
OCCLEVEL,OCCLEVEL = 445,OM-02,OM-02,1683
OCCLEVEL,OCCLEVEL = 446,OM-03,OM-03,1684
OCCLEVEL,OCCLEVEL = 447,OM-04,OM-04,1685
OCCLEVEL,OCCLEVEL = 448,OM-05,OM-05,1686
GRPCODE,GRPCODE = 079,OP,OP,1687
OCCLEVEL,OCCLEVEL = 449,OP-01,OP-01,1688
OCCLEVEL,OCCLEVEL = 450,OP-02,OP-02,1689
OCCLEVEL,OCCLEVEL = 451,OP-03,OP-03,1690
GRPCODE,GRPCODE = 082,PC,PC,1691
OCCLEVEL,OCCLEVEL = 452,PC-01,PC-01,1692
OCCLEVEL,OCCLEVEL = 453,PC-02,PC-02,1693
OCCLEVEL,OCCLEVEL = 454,PC-03,PC-03,1694
OCCLEVEL,OCCLEVEL = 455,PC-04,PC-04,1695
OCCLEVEL,OCCLEVEL = 456,PC-05,PC-05,1696
GRPCODE,GRPCODE = 083,PE,PE,1697
OCCLEVEL,OCCLEVEL = 457,PE-01,PE-01,1698
OCCLEVEL,OCCLEVEL = 458,PE-02,PE-02,1699
OCCLEVEL,OCCLEVEL = 459,PE-03,PE-03,1700
OCCLEVEL,OCCLEVEL = 460,PE-04,PE-04,1701
OCCLEVEL,OCCLEVEL = 461,PE-05,PE-05,1702
OCCLEVEL,OCCLEVEL = 462,PE-06,PE-06,1703
GRPCODE,GRPCODE = 084,PG,PG,1704
OCCLEVEL,OCCLEVEL = 463,PG-01,PG-01,1705
OCCLEVEL,OCCLEVEL = 464,PG-02,PG-02,1706
OCCLEVEL,OCCLEVEL = 465,PG-03,PG-03,1707
OCCLEVEL,OCCLEVEL = 466,PG-04,PG-04,1708
OCCLEVEL,OCCLEVEL = 467,PG-05,PG-05,1709
OCCLEVEL,OCCLEVEL = 468,PG-06,PG-06,1710
GRPCODE,GRPCODE = 085,PH,PH,1711
OCCLEVEL,OCCLEVEL = 469,PH-01,PH-01,1712
OCCLEVEL,OCCLEVEL = 470,PH-02,PH-02,1713
OCCLEVEL,OCCLEVEL = 471,PH-03,PH-03,1714
GRPCODE,GRPCODE = 086,PI,PI,1715
OCCLEVEL,OCCLEVEL = 472,PI-01,PI-01,1716
OCCLEVEL,OCCLEVEL = 473,PI-02,PI-02,1717
OCCLEVEL,OCCLEVEL = 474,PI-03,PI-03,1718
OCCLEVEL,OCCLEVEL = 475,PI-04,PI-04,1719
OCCLEVEL,OCCLEVEL = 476,PI-05,PI-05,1720
OCCLEVEL,OCCLEVEL = 477,PI-06,PI-06,1721
OCCLEVEL,OCCLEVEL = 478,PI-07,PI-07,1722
GRPCODE,GRPCODE = 088,PM,PM,1723
OCCLEVEL,OCCLEVEL = 479,PM-01,PM-01,1724
OCCLEVEL,OCCLEVEL = 480,PM-02,PM-02,1725
OCCLEVEL,OCCLEVEL = 481,PM-03,PM-03,1726
OCCLEVEL,OCCLEVEL = 482,PM-04,PM-04,1727
OCCLEVEL,OCCLEVEL = 483,PM-05,PM-05,1728
OCCLEVEL,OCCLEVEL = 484,PM-06,PM-06,1729
OCCLEVEL,OCCLEVEL = 485,PM-07,PM-07,1730
GRPCODE,GRPCODE = 089,PM-MCO,PM-MCO,1731
OCCLEVEL,OCCLEVEL = 486,PM-MCO-01,PM-MCO-01,1732
OCCLEVEL,OCCLEVEL = 487,PM-MCO-02,PM-MCO-02,1733
OCCLEVEL,OCCLEVEL = 488,PM-MCO-03,PM-MCO-03,1734
OCCLEVEL,OCCLEVEL = 489,PM-MCO-04,PM-MCO-04,1735
GRPCODE,GRPCODE = 090,PO-IMA,PO-IMA,1736
OCCLEVEL,OCCLEVEL = 490,PO-IMA-01,PO-IMA-01,1737
OCCLEVEL,OCCLEVEL = 491,PO-IMA-02,PO-IMA-02,1738
OCCLEVEL,OCCLEVEL = 492,PO-IMA-03,PO-IMA-03,1739
GRPCODE,GRPCODE = 091,PO-TCO,PO-TCO,1740
OCCLEVEL,OCCLEVEL = 493,PO-TCO-01,PO-TCO-01,1741
OCCLEVEL,OCCLEVEL = 494,PO-TCO-02,PO-TCO-02,1742
OCCLEVEL,OCCLEVEL = 495,PO-TCO-03,PO-TCO-03,1743
GRPCODE,GRPCODE = 092,PR,PR,1744
OCCLEVEL,OCCLEVEL = 496,PR-01,PR-01,1745
OCCLEVEL,OCCLEVEL = 497,PR-02,PR-02,1746
GRPCODE,GRPCODE = 093,PS,PS,1747
OCCLEVEL,OCCLEVEL = 498,PS-02,PS-02,1748
OCCLEVEL,OCCLEVEL = 499,PS-03,PS-03,1749
OCCLEVEL,OCCLEVEL = 500,PS-04,PS-04,1750
OCCLEVEL,OCCLEVEL = 501,PS-05,PS-05,1751
GRPCODE,GRPCODE = 094,PX/AAG/AG,PX/AAG/AG,1752
OCCLEVEL,OCCLEVEL = 502,PX/AAG/AG-01,PX/AAG/AG-01,1753
OCCLEVEL,OCCLEVEL = 503,PX/AAG/AG-02,PX/AAG/AG-02,1754
OCCLEVEL,OCCLEVEL = 504,PX/AAG/AG-03,PX/AAG/AG-03,1755
GRPCODE,GRPCODE = 095,PY,PY,1756
OCCLEVEL,OCCLEVEL = 505,PY-03,PY-03,1757
OCCLEVEL,OCCLEVEL = 506,PY-04,PY-04,1758
OCCLEVEL,OCCLEVEL = 507,PY-05,PY-05,1759
GRPCODE,GRPCODE = 096,RCO,ACR,1760
OCCLEVEL,OCCLEVEL = 508,RCO-01,ACR-01,1761
OCCLEVEL,OCCLEVEL = 509,RCO-02,ACR-02,1762
OCCLEVEL,OCCLEVEL = 510,RCO-03,ACR-03,1763
OCCLEVEL,OCCLEVEL = 511,RCO-04,ACR-04,1764
OCCLEVEL,OCCLEVEL = 512,RCO-05,ACR-05,1765
GRPCODE,GRPCODE = 097,RE,RE,1766
OCCLEVEL,OCCLEVEL = 513,RE-01,RE-01,1767
OCCLEVEL,OCCLEVEL = 514,RE-02,RE-02,1768
OCCLEVEL,OCCLEVEL = 515,RE-03,RE-03,1769
OCCLEVEL,OCCLEVEL = 516,RE-04,RE-04,1770
OCCLEVEL,OCCLEVEL = 517,RE-05,RE-05,1771
OCCLEVEL,OCCLEVEL = 518,RE-06,RE-06,1772
OCCLEVEL,OCCLEVEL = 519,RE-07,RE-07,1773
OCCLEVEL,OCCLEVEL = 520,RE-08,RE-08,1774
OCCLEVEL,OCCLEVEL = 521,RE-09,RE-09,1775
OCCLEVEL,OCCLEVEL = 522,RE-10,RE-10,1776
GRPCODE,GRPCODE = 098,REG,REG,1777
OCCLEVEL,OCCLEVEL = 523,REG-02,REG-02,1778
OCCLEVEL,OCCLEVEL = 524,REG-03,REG-03,1779
OCCLEVEL,OCCLEVEL = 525,REG-04,REG-04,1780
OCCLEVEL,OCCLEVEL = 526,REG-05,REG-05,1781
OCCLEVEL,OCCLEVEL = 527,REG-06,REG-06,1782
OCCLEVEL,OCCLEVEL = 528,REG-07,REG-07,1783
OCCLEVEL,OCCLEVEL = 529,REG-08,REG-08,1784
GRPCODE,GRPCODE = 099,REX,REX,1785
OCCLEVEL,OCCLEVEL = 530,REX-07,REX-07,1786
OCCLEVEL,OCCLEVEL = 531,REX-08,REX-08,1787
OCCLEVEL,OCCLEVEL = 532,REX-09,REX-09,1788
GRPCODE,GRPCODE = 100,RLE,RLE,1789
OCCLEVEL,OCCLEVEL = 533,RLE-01,RLE-01,1790
OCCLEVEL,OCCLEVEL = 534,RLE-02,RLE-02,1791
OCCLEVEL,OCCLEVEL = 535,RLE-03,RLE-03,1792
OCCLEVEL,OCCLEVEL = 536,RLE-04,RLE-04,1793
GRPCODE,GRPCODE = 101,RO,RO,1794
OCCLEVEL,OCCLEVEL = 537,RO-00,RO-00,1795
OCCLEVEL,OCCLEVEL = 538,RO-01,RO-01,1796
OCCLEVEL,OCCLEVEL = 539,RO-02,RO-02,1797
OCCLEVEL,OCCLEVEL = 540,RO-03,RO-03,1798
OCCLEVEL,OCCLEVEL = 541,RO-04,RO-04,1799
OCCLEVEL,OCCLEVEL = 542,RO-05,RO-05,1800
OCCLEVEL,OCCLEVEL = 543,RO-06,RO-06,1801
GRPCODE,GRPCODE = 102,RO(NRC),AR(CNRC),1802
OCCLEVEL,OCCLEVEL = 544,RO(NRC),AR(CNRC),1803
GRPCODE,GRPCODE = 103,SC,SC,1804
OCCLEVEL,OCCLEVEL = 545,SC-01,SC-01,1805
OCCLEVEL,OCCLEVEL = 546,SC-02,SC-02,1806
OCCLEVEL,OCCLEVEL = 547,SC-03,SC-03,1807
OCCLEVEL,OCCLEVEL = 548,SC-04,SC-04,1808
OCCLEVEL,OCCLEVEL = 549,SC-05,SC-05,1809
OCCLEVEL,OCCLEVEL = 550,SC-06,SC-06,1810
GRPCODE,GRPCODE = 104,SE,SE,1811
OCCLEVEL,OCCLEVEL = 551,SE-01,SE-01,1812
OCCLEVEL,OCCLEVEL = 552,SE-02,SE-02,1813
OCCLEVEL,OCCLEVEL = 553,SE-03,SE-03,1814
OCCLEVEL,OCCLEVEL = 554,SE-04,SE-04,1815
OCCLEVEL,OCCLEVEL = 555,SE-05,SE-05,1816
GRPCODE,GRPCODE = 105,SG,SG,1817
OCCLEVEL,OCCLEVEL = 556,SG-02,SG-02,1818
OCCLEVEL,OCCLEVEL = 557,SG-03,SG-03,1819
OCCLEVEL,OCCLEVEL = 558,SG-04,SG-04,1820
OCCLEVEL,OCCLEVEL = 559,SG-05,SG-05,1821
OCCLEVEL,OCCLEVEL = 560,SG-06,SG-06,1822
OCCLEVEL,OCCLEVEL = 561,SG-07,SG-07,1823
OCCLEVEL,OCCLEVEL = 562,SG-08,SG-08,1824
GRPCODE,GRPCODE = 106,SI,SI,1825
OCCLEVEL,OCCLEVEL = 563,SI-02,SI-02,1826
OCCLEVEL,OCCLEVEL = 564,SI-03,SI-03,1827
OCCLEVEL,OCCLEVEL = 565,SI-04,SI-04,1828
OCCLEVEL,OCCLEVEL = 566,SI-05,SI-05,1829
OCCLEVEL,OCCLEVEL = 567,SI-06,SI-06,1830
GRPCODE,GRPCODE = 107,SO,SO,1831
OCCLEVEL,OCCLEVEL = 568,SO-00,SO-00,1832
OCCLEVEL,OCCLEVEL = 569,SO-01,SO-01,1833
OCCLEVEL,OCCLEVEL = 570,SO-02,SO-02,1834
OCCLEVEL,OCCLEVEL = 571,SO-03,SO-03,1835
OCCLEVEL,OCCLEVEL = 572,SO-04,SO-04,1836
OCCLEVEL,OCCLEVEL = 573,SO-05,SO-05,1837
OCCLEVEL,OCCLEVEL = 574,SO-06,SO-06,1838
OCCLEVEL,OCCLEVEL = 575,SO-07,SO-07,1839
OCCLEVEL,OCCLEVEL = 576,SO-08,SO-08,1840
OCCLEVEL,OCCLEVEL = 577,SO-09,SO-09,1841
OCCLEVEL,OCCLEVEL = 578,SO-10,SO-10,1842
OCCLEVEL,OCCLEVEL = 579,SO-11,SO-11,1843
OCCLEVEL,OCCLEVEL = 580,SO-12,SO-12,1844
OCCLEVEL,OCCLEVEL = 581,SO-13,SO-13,1845
GRPCODE,GRPCODE = 135,SP,SP,1846
OCCLEVEL,OCCLEVEL = 582,SP-11,SP-11,1847
OCCLEVEL,OCCLEVEL = 583,SP-12,SP-12,1848
GRPCODE,GRPCODE = 108,SP(CRA),SP(ARC),1849
OCCLEVEL,OCCLEVEL = 584,SP(CRA)-01,SP(ARC)-01,1850
OCCLEVEL,OCCLEVEL = 585,SP(CRA)-02,SP(ARC)-02,1851
OCCLEVEL,OCCLEVEL = 586,SP(CRA)-03,SP(ARC)-03,1852
OCCLEVEL,OCCLEVEL = 587,SP(CRA)-04,SP(ARC)-04,1853
OCCLEVEL,OCCLEVEL = 588,SP(CRA)-05,SP(ARC)-05,1854
OCCLEVEL,OCCLEVEL = 589,SP(CRA)-06,SP(ARC)-06,1855
OCCLEVEL,OCCLEVEL = 590,SP(CRA)-07,SP(ARC)-07,1856
OCCLEVEL,OCCLEVEL = 591,SP(CRA)-08,SP(ARC)-08,1857
OCCLEVEL,OCCLEVEL = 592,SP(CRA)-09,SP(ARC)-09,1858
OCCLEVEL,OCCLEVEL = 593,SP(CRA)-10,SP(ARC)-10,1859
GRPCODE,GRPCODE = 109,SP(NFB),SP(ONF),1860
OCCLEVEL,OCCLEVEL = 594,SP(NFB)-10,SP(ONF)-10,1861
OCCLEVEL,OCCLEVEL = 595,SP(NFB)-12,SP(ONF)-12,1862
GRPCODE,GRPCODE = 110,SR,SR,1863
OCCLEVEL,OCCLEVEL = 596,SR-00,SR-00,1864
OCCLEVEL,OCCLEVEL = 597,SR-01,SR-01,1865
OCCLEVEL,OCCLEVEL = 598,SR-02,SR-02,1866
OCCLEVEL,OCCLEVEL = 599,SR-03,SR-03,1867
OCCLEVEL,OCCLEVEL = 600,SR-04,SR-04,1868
OCCLEVEL,OCCLEVEL = 601,SR-05,SR-05,1869
OCCLEVEL,OCCLEVEL = 602,SR-06,SR-06,1870
OCCLEVEL,OCCLEVEL = 603,SR-07,SR-07,1871
OCCLEVEL,OCCLEVEL = 604,SR-08,SR-08,1872
OCCLEVEL,OCCLEVEL = 605,SR-09,SR-09,1873
OCCLEVEL,OCCLEVEL = 606,SR-10,SR-10,1874
OCCLEVEL,OCCLEVEL = 607,SR-11,SR-11,1875
GRPCODE,GRPCODE = 128,SR(CFIA),SR(ACIA),1876
OCCLEVEL,OCCLEVEL = 608,SR(CFIA)-02,SR(ACIA)-02,1877
OCCLEVEL,OCCLEVEL = 609,SR(CFIA)-03,SR(ACIA)-03,1878
OCCLEVEL,OCCLEVEL = 610,SR(CFIA)-04,SR(ACIA)-04,1879
OCCLEVEL,OCCLEVEL = 611,SR(CFIA)-05 ,SR(ACIA)-05 ,1880
GRPCODE,GRPCODE = 111,ST,ST,1881
OCCLEVEL,OCCLEVEL = 612,ST-00 ,ST-00,1882
OCCLEVEL,OCCLEVEL = 613,ST-01,ST-01,1883
OCCLEVEL,OCCLEVEL = 614,ST-02,ST-02,1884
OCCLEVEL,OCCLEVEL = 615,ST-03,ST-03,1885
GRPCODE,GRPCODE = 130,STUDENT,êTUDIANT,1886
OCCLEVEL,OCCLEVEL = 616,STUDENT-00,êTUDIANT-00,1887
OCCLEVEL,OCCLEVEL = 617,STUDENT-01,êTUDIANT-01,1888
OCCLEVEL,OCCLEVEL = 618,STUDENT-02,êTUDIANT-02,1889
OCCLEVEL,OCCLEVEL = 619,STUDENT-03,êTUDIANT-03,1890
OCCLEVEL,OCCLEVEL = 620,STUDENT-04,êTUDIANT-04,1891
OCCLEVEL,OCCLEVEL = 621,STUDENT-05,êTUDIANT-05,1892
GRPCODE,GRPCODE = 112,SW,SW,1893
OCCLEVEL,OCCLEVEL = 622,SW-01,SW-01,1894
OCCLEVEL,OCCLEVEL = 623,SW-02,SW-02,1895
OCCLEVEL,OCCLEVEL = 624,SW-03,SW-03,1896
OCCLEVEL,OCCLEVEL = 625,SW-04,SW-04,1897
GRPCODE,GRPCODE = 113,TC,TC,1898
OCCLEVEL,OCCLEVEL = 626,TC-05,TC-05,1899
OCCLEVEL,OCCLEVEL = 627,TC-06,TC-06,1900
OCCLEVEL,OCCLEVEL = 628,TC-07,TC-07,1901
OCCLEVEL,OCCLEVEL = 629,TC-08,TC-08,1902
OCCLEVEL,OCCLEVEL = 630,TC-09,TC-09,1903
OCCLEVEL,OCCLEVEL = 631,TC-10,TC-10,1904
OCCLEVEL,OCCLEVEL = 632,TC-11,TC-11,1905
OCCLEVEL,OCCLEVEL = 633,TC-12,TC-12,1906
GRPCODE,GRPCODE = 114,TI,TI,1907
OCCLEVEL,OCCLEVEL = 634,TI-03,TI-03,1908
OCCLEVEL,OCCLEVEL = 635,TI-04,TI-04,1909
OCCLEVEL,OCCLEVEL = 636,TI-05,TI-05,1910
OCCLEVEL,OCCLEVEL = 637,TI-06,TI-06,1911
OCCLEVEL,OCCLEVEL = 638,TI-07,TI-07,1912
OCCLEVEL,OCCLEVEL = 639,TI-08,TI-08,1913
GRPCODE,GRPCODE = 115,TO,TO,1914
OCCLEVEL,OCCLEVEL = 640,TO-02,AT-02,1915
OCCLEVEL,OCCLEVEL = 641,TO-03,AT-03,1916
OCCLEVEL,OCCLEVEL = 642,TO-04,AT-04,1917
OCCLEVEL,OCCLEVEL = 643,TO-05,AT-05,1918
OCCLEVEL,OCCLEVEL = 644,TO-06,AT-06,1919
GRPCODE,GRPCODE = 116,TR,TR,1920
OCCLEVEL,OCCLEVEL = 645,TR-01,TR-01,1921
OCCLEVEL,OCCLEVEL = 646,TR-02,TR-02,1922
OCCLEVEL,OCCLEVEL = 647,TR-03,TR-03,1923
OCCLEVEL,OCCLEVEL = 648,TR-04,TR-04,1924
OCCLEVEL,OCCLEVEL = 649,TR-05,TR-05,1925
GRPCODE,GRPCODE = 118,UT,UT,1926
OCCLEVEL,OCCLEVEL = 650,UT-01,UT-01,1927
OCCLEVEL,OCCLEVEL = 651,UT-02,UT-02,1928
OCCLEVEL,OCCLEVEL = 652,UT-03,UT-03,1929
OCCLEVEL,OCCLEVEL = 653,UT-04,UT-04,1930
GRPCODE,GRPCODE = 119,VM,VM,1931
OCCLEVEL,OCCLEVEL = 654,VM-01,VM-01,1932
OCCLEVEL,OCCLEVEL = 655,VM-02,VM-02,1933
OCCLEVEL,OCCLEVEL = 656,VM-03,VM-03,1934
OCCLEVEL,OCCLEVEL = 657,VM-04,VM-04,1935
OCCLEVEL,OCCLEVEL = 658,VM-05,VM-05,1936
GRPCODE,GRPCODE = 120,WP,WP,1937
OCCLEVEL,OCCLEVEL = 659,WP-01,WP-01,1938
OCCLEVEL,OCCLEVEL = 660,WP-02,WP-02,1939
OCCLEVEL,OCCLEVEL = 661,WP-03,WP-03,1940
OCCLEVEL,OCCLEVEL = 662,WP-04,WP-04,1941
OCCLEVEL,OCCLEVEL = 663,WP-05,WP-05,1942
OCCLEVEL,OCCLEVEL = 664,WP-06,WP-06,1943
OCCLEVEL,OCCLEVEL = 665,WP-07,WP-07,1944
GRPCODE,GRPCODE = 121,Other,Autre,1945
GRPCODE,GRPCODE = 048,FT,FT,1946
GRPCODE,GRPCODE = 117,UNI,UNI,1947
OCCLEVEL,OCCLEVEL = 666,GLELE-01,GLELE-01,1948
OCCLEVEL,OCCLEVEL = 667,GLELE-02,GLELE-02,1949
OCCLEVEL,OCCLEVEL = 668,GLELE-03,GLELE-03,1950
OCCLEVEL,OCCLEVEL = 669,GLELE-04,GLELE-04,1951
OCCLEVEL,OCCLEVEL = 670,GLELE-05,GLELE-05,1952
OCCLEVEL,OCCLEVEL = 671,GLELE-06,GLELE-06,1953
OCCLEVEL,OCCLEVEL = 672,MGT (CNSC)-00,MGT (CNSC)-00,1954
OCCLEVEL,OCCLEVEL = 673,MGT (CNSC)-01,MGT (CNSC)-01,1955
OCCLEVEL,OCCLEVEL = 674,MGT (CNSC)-02,MGT (CNSC)-02,1956
OCCLEVEL,OCCLEVEL = 675,MGT (CNSC)-03,MGT (CNSC)-03,1957
OCCLEVEL,OCCLEVEL = 676,MGT (CNSC)-04,MGT (CNSC)-04,1958
OCCLEVEL,OCCLEVEL = 677,MGT (CNSC)-05,MGT (CNSC)-05,1959
OCCLEVEL,OCCLEVEL = 678,FT-01,FT-01,1960
OCCLEVEL,OCCLEVEL = 679,FT-02,FT-02,1961
OCCLEVEL,OCCLEVEL = 680,FT-03,FT-03,1962
OCCLEVEL,OCCLEVEL = 681,FT-04,FT-04,1963
OCCLEVEL,OCCLEVEL = 682,FT-05,FT-05,1964
OCCLEVEL,OCCLEVEL = 683,FT-06,FT-06,1965
OCCLEVEL,OCCLEVEL = 684,FT-07,FT-07,1966
OCCLEVEL,OCCLEVEL = 685,FT-08,FT-08,1967
OCCLEVEL,OCCLEVEL = 686,UNI-01,UNI-01,1968
OCCLEVEL,OCCLEVEL = 687,UNI-02,UNI-02,1969
OCCLEVEL,OCCLEVEL = 688,UNI-03,UNI-03,1970
OCCLEVEL,OCCLEVEL = 689,UNI-04,UNI-04,1971
OCCLEVEL,OCCLEVEL = 690,UNI-05,UNI-05,1972
OCCLEVEL,OCCLEVEL = 691,UNI-06,UNI-06,1973
OCCLEVEL,OCCLEVEL = 692,UNI-07,UNI-07,1974
OCCLEVEL,OCCLEVEL = 693,UNI-08,UNI-08,1975
OCCLEVEL,OCCLEVEL = 694,UNI-09,UNI-09,1976
OCCLEVEL,OCCLEVEL = 695,UNI-10,UNI-10,1977
OCCLEVEL,OCCLEVEL = 696,UNI-11,UNI-11,1978
GRPCODE,GRPCODE = 071,MGT (CNSC),MGT (CCSN),1982
GRPCODE,GRPCODE = 132,GLELE,GLELE,1983
D105,D105 = 1,Executive,Direction,1984
D105,D105 = 2,Scientific and Professional,Scientifique et professionnelle,1985
D105,D105 = 3,Administration and Foreign Services,Administration et service extÇrieur,1986
D105,D105 = 4,Technical,Technique,1987
D105,D105 = 5,Administrative Support,Soutien administratif,1988
D105,D105 = 6,Operational,Exploitation,1989
D105,D105 = 7,Other occupational category,Autre catÇgorie professionnelle,1990
